[null,{"name":"announcement","permissions":"MANAGE_ROLES","restriction":"1","actions":[{"info":"1","find":"updates","storage":"1","varName":"channel_announcement","name":"Find Channel"},{"info":"1","infoIndex":"1","storage":"1","varName":"announcement_text","name":"Store Command Params"},{"channel":"5","varName":"channel_announcement","message":"@everyone\n\n${tempVars(\"announcement_text\")}","storage":"1","varName2":"ann_message","name":"Send Message"}],"_id":"HzCfE"},{"name":"hello","permissions":"NONE","restriction":"1","actions":[{"channel":"0","varName":"","message":"Good afternoon, ${member}. I hope you are doing great :relaxed: :hugging: ","storage":"0","varName2":"","name":"Send Message"}],"_id":"lSbFk"},{"name":"kickuser","permissions":"MANAGE_ROLES","restriction":"1","actions":[{"member":"0","varName":"","reason":"","name":"Kick Member"},{"channel":"0","varName":"","message":"Bitch \"${mentionedUser}\" was kicked from Anamoi. We hope to never see you ever again bye. ${mentionedUser}","storage":"0","varName2":"","name":"Send Message"}],"_id":"xPlkO"},{"name":"banuser","permissions":"MANAGE_ROLES","restriction":"1","actions":[{"member":"0","varName":"","reason":"","name":"Ban Member"},{"channel":"0","varName":"","message":"Bitch \"${mentionedUser}\" Was banned from Anamoi Air. Go fuck yourself ${mentionedUser}","storage":"0","varName2":"","name":"Send Message"}],"_id":"TuwaG"},{"name":"help","permissions":"NONE","restriction":"1","actions":[{"channel":"0","varName":"","message":"**These are all the commands for Anamoi Air Bot**\n\n\n**-announcement [ANNOUNCEMENT]** Command that will announce the message sent\n**-banuser [USER]** Command that will ban the user tagged\n**-kickuser [USER]** Command that will kick the user tagged\n**-status [STATUS]** Command that will change the status based on parameters\n**-announcementnotag [ANNOUNCEMENT]** Command that will announce the message sent, but not tag all users and create WOIII\n**-support [REASON]** Ask for support, make sure to specify the reason.","storage":"0","varName2":"","name":"Send Message"}],"_id":"iuSZf"},{"name":"status","permissions":"MANAGE_ROLES","restriction":"1","actions":[{"info":"1","infoIndex":"1","storage":"1","varName":"status","name":"Store Command Params"},{"gameName":"${tempVars(\"status\")}","gameLink":"","name":"Set Bot Game"}],"_id":"Zkenk"},{"name":"announcementnotag","permissions":"MANAGE_ROLES","restriction":"1","actions":[{"info":"1","find":"updates","storage":"1","varName":"channel_announcement","name":"Find Channel"},{"info":"1","infoIndex":"1","storage":"1","varName":"announcement_text","name":"Store Command Params"},{"channel":"5","varName":"channel_announcement","message":"${tempVars(\"announcement_text\")}","storage":"0","varName2":"","name":"Send Message"}],"_id":"MwrtI"},{"name":"support","permissions":"NONE","restriction":"1","actions":[{"info":"1","infoIndex":"1","storage":"1","varName":"support_param","name":"Store Command Params"},{"info":"1","find":"hr-bots","storage":"1","varName":"support_channel","name":"Find Channel"},{"channel":"0","varName":"","message":"Support is on it's way, ${member} .","storage":"0","varName2":"","name":"Send Message"},{"channel":"5","varName":"support_channel","message":"User ${member} needs help for: ${tempVars(\"support_param\")}\n","storage":"0","varName2":"","name":"Send Message"}],"_id":"hSGRc"},{"name":"solve","permissions":"KICK_MEMBERS","restriction":"1","actions":[{"info":"1","infoIndex":"2","storage":"1","varName":"solve_answer","name":"Store Command Params"},{"info":"1","find":"customer-care","storage":"1","varName":"solve_channel","name":"Find Channel"},{"channel":"5","varName":"solve_channel","message":"Dear ${mentionedUser} , your support ticket has been reviewed and answered in your DMs. Please check there!\n\nRegards,\nAnamoi HR Team","storage":"0","varName2":"","name":"Send Message"},{"channel":"2","varName":"solve_user","message":"**Dear ${mentionedUser} ,\n\nYour support ticket has been reviewed and answered.\n\nHere's the answer:**\n\n${tempVars(\"solve_answer\")}\n\nReply by saying -reply (message) in #bot\n\nRegards,\nAnamoi Air Bot\n\nTicket has been reviewed by: ${member}","storage":"0","varName2":"","name":"Send Message"},{"channel":"0","varName":"","message":"Did that for ya ${member}","storage":"0","varName2":"","name":"Send Message"}],"_id":"gMLtr"},{"name":"bitch","permissions":"NONE","restriction":"1","actions":[{"channel":"0","varName":"","message":"Bitch","storage":"0","varName2":"","name":"Send Message"}],"_id":"ZXEtm"},{"name":"reply","permissions":"NONE","restriction":"1","actions":[{"info":"1","find":"Anamoi Air Official Discord","storage":"1","varName":"reply_server","name":"Find Server"},{"info":"0","find":"505422249751216138","storage":"1","varName":"reply_channel","name":"Find Channel"},{"info":"1","infoIndex":"1","storage":"1","varName":"reply_mes","name":"Store Command Params"},{"channel":"5","varName":"reply_channel","message":"Reply from ${member}\n\n${tempVars(\"reply_mes\")}","storage":"0","varName2":"","name":"Send Message"},{"channel":"0","varName":"","message":"Sent reply!","storage":"0","varName2":"","name":"Send Message"}],"_id":"daODN"},{"name":"replysolve","permissions":"MANAGE_ROLES","restriction":"1","actions":[{"info":"1","infoIndex":"2","storage":"1","varName":"replysolve_mes","name":"Store Command Params"},{"channel":"2","varName":"","message":"${tempVars(\"replysolve_mes\")}\n\nReplied by: ${member}","storage":"0","varName2":"","name":"Send Message"},{"channel":"0","varName":"","message":"Wow did that for ya ${member}","storage":"0","varName2":"","name":"Send Message"}],"_id":"Clhny"},{"name":"triggered","permissions":"NONE","restriction":"1","actions":[{"member":"0","varName":"","storage":"1","varName2":"avatar","name":"Create Image from Avatar"},{"storage":"1","varName":"avatar","x":"300","y":"300","font":"fonts/Asimov.fnt","width":"","text":"TRIGGERED","name":"Draw Text on Image"},{"storage":"1","varName":"avatar","channel":"0","varName2":"","message":"Oh shit! He triggered","name":"Send Image"}],"_id":"qllDu"},{"name":"butler","permissions":"NONE","restriction":"1","actions":[{"channel":"0","varName":"","message":"Go fuck yourself im not your fucking butler find a life you piece of shit. You are nothing worth in this current society and never wil be. Fortnite isn't fun and will never be, if you even have 1000 wins I don't fucking are, nor do your parents. I will never support you in your obsessive eating disorder. No but really, you succ more than the zucc. Even the russian hackers on Stan's computer I respect more than your fucking life altogether inclusive your family.\n\nRegards,\nBot","storage":"0","varName2":"","name":"Send Message"}],"_id":"ffgjP"},{"name":"tuttuttut","permissions":"NONE","restriction":"1","actions":[{"channel":"0","varName":"","message":"Kiki told me to make me inappropriate ;-;","storage":"0","varName2":"","name":"Send Message"}],"_id":"AsZcx"},{"name":"kikinators15","permissions":"NONE","restriction":"1","actions":[{"channel":"0","varName":"","message":"I am not Kikinators15\n\nI don't want to be Kikinators15\n\nNo one wants to be Kikinators15\n\nRegards,\nBot","storage":"0","varName2":"","name":"Send Message"}],"_id":"CLfjC"},{"name":"tagraid","permissions":"MANAGE_ROLES","restriction":"1","actions":[{"channel":"0","varName":"","message":"${mentionedUser} ${mentionedUser} ${mentionedUser} ${mentionedUser} ${mentionedUser} ${mentionedUser} ${mentionedUser} ${mentionedUser} ${mentionedUser} ${mentionedUser} ${mentionedUser} ${mentionedUser} ${mentionedUser} ${mentionedUser} ${mentionedUser} ${mentionedUser} ${mentionedUser} ${mentionedUser} ${mentionedUser} ${mentionedUser} ${mentionedUser} ${mentionedUser} ${mentionedUser} ${mentionedUser} ${mentionedUser} ${mentionedUser} ${mentionedUser} ${mentionedUser} ${mentionedUser} ${mentionedUser} ${mentionedUser} ${mentionedUser} ${mentionedUser} ${mentionedUser} ${mentionedUser} ${mentionedUser} ${mentionedUser} ${mentionedUser} ${mentionedUser} ${mentionedUser} ${mentionedUser} ${mentionedUser} ${mentionedUser} ${mentionedUser} ${mentionedUser} ${mentionedUser} ${mentionedUser} ${mentionedUser} ${mentionedUser} ${mentionedUser} ${mentionedUser} ${mentionedUser} ${mentionedUser} ${mentionedUser} ${mentionedUser} ${mentionedUser} ${mentionedUser} ${mentionedUser} ${mentionedUser} ${mentionedUser} ${mentionedUser} ${mentionedUser} ${mentionedUser} ${mentionedUser} ${mentionedUser} ${mentionedUser} ","storage":"0","varName2":"","name":"Send Message"}],"_id":"pBJpi"},{"name":"yeet","permissions":"NONE","restriction":"1","actions":[{"channel":"0","varName":"","message":"Des-pa-yeet-o","storage":"0","varName2":"","name":"Send Message"}],"_id":"yMSUY"},{"name":"purge","permissions":"MANAGE_ROLES","restriction":"1","actions":[{"info":"0","infoIndex":"1","storage":"1","varName":"purge_num","name":"Store Command Params"},{"channel":"0","count":"${tempVars(\"purge_num\")}","condition":"0","custom":"","varName":"","name":"Delete Bulk Messages"},{"storage":"0","varName":"","name":"Delete Message"}],"_id":"FVWvy"},{"name":"inferno","permissions":"MANAGE_ROLES","restriction":"1","actions":[{"channel":"0","count":"1000000000000000000000000000000000000000000000000000","condition":"0","custom":"","varName":"","name":"Delete Bulk Messages"},{"storage":"0","varName":"","name":"Delete Message"}],"_id":"EjJsc"},{"name":"play","permissions":"NONE","restriction":"1","_id":"jOZRD","actions":[{"info":"1","infoIndex":"1","storage":"1","varName":"songname","name":"Store Command Params"},{"iftrue":"0","iftrueVal":"","iffalse":"2","iffalseVal":"4","name":"Check is Bot in Voice Channel"},{"channel":"0","varName":"","name":"Join Voice Channel"},{"video":"${tempVars(\"songname\")}","key":"AIzaSyB73Pcoam0I1URy-eax03sqlSYUd98fvFc","info":"0","resultNo":"0","storage":"1","varName":"song","name":"YouTube Search"},{"url":"${tempVars(\"song\")}","seek":"0","volume":"100","passes":"1","bitrate":"","type":"0","name":"Play YouTube Video"}]},{"name":"forceplay","permissions":"NONE","restriction":"1","_id":"kvQhQ","actions":[{"info":"1","infoIndex":"1","storage":"1","varName":"songname","name":"Store Command Params"},{"iftrue":"0","iftrueVal":"","iffalse":"2","iffalseVal":"4","name":"Check is Bot in Voice Channel"},{"channel":"0","varName":"","name":"Join Voice Channel"},{"video":"${tempVars(\"songname\")}","key":"AIzaSyB73Pcoam0I1URy-eax03sqlSYUd98fvFc","info":"0","resultNo":"0","storage":"1","varName":"song","name":"YouTube Search"},{"url":"${tempVars(\"song\")}","seek":"0","volume":"100","passes":"1","bitrate":"","type":"1","name":"Play YouTube Video"}]},{"name":"stop","permissions":"NONE","restriction":"1","_id":"PfeYv","actions":[{"name":"Leave Voice Channel"}]},{"name":"clear","permissions":"NONE","restriction":"1","_id":"mkrnS","actions":[{"name":"Clear Queue"}]},{"name":"skip","permissions":"NONE","restriction":"1","_id":"naVyG","actions":[{"amount":"1","name":"Skip Queue"}]}]